Date;
Sun Dec 23 2018 08:40:08 GMT+0100 (Central European Standard Time);4460000
Mon Dec 24 2018 08:40:08 GMT+0100 (Central European Standard Time);4510000
Tue Dec 25 2018 08:40:08 GMT+0100 (Central European Standard Time);4550000
Wed Dec 26 2018 08:40:08 GMT+0100 (Central European Standard Time);4610000
Thu Dec 27 2018 08:40:08 GMT+0100 (Central European Standard Time);4650000
Fri Dec 28 2018 08:40:08 GMT+0100 (Central European Standard Time);4690000
Sat Dec 29 2018 08:40:08 GMT+0100 (Central European Standard Time);4730000
Sun Dec 30 2018 08:40:08 GMT+0100 (Central European Standard Time);4750000
Mon Dec 31 2018 08:40:08 GMT+0100 (Central European Standard Time);4780000
Tue Jan 01 2019 08:40:08 GMT+0100 (Central European Standard Time);4800000
Wed Jan 02 2019 08:40:08 GMT+0100 (Central European Standard Time);4810000
Thu Jan 03 2019 08:40:08 GMT+0100 (Central European Standard Time);4820000
Fri Jan 04 2019 08:40:08 GMT+0100 (Central European Standard Time);4850000
Sat Jan 05 2019 08:40:08 GMT+0100 (Central European Standard Time);4860000
Sun Jan 06 2019 08:40:08 GMT+0100 (Central European Standard Time);4880000
Mon Jan 07 2019 08:40:08 GMT+0100 (Central European Standard Time);4900000
Tue Jan 08 2019 08:40:08 GMT+0100 (Central European Standard Time);4940000
Wed Jan 09 2019 08:40:08 GMT+0100 (Central European Standard Time);4970000
Thu Jan 10 2019 08:40:08 GMT+0100 (Central European Standard Time);4990000
Fri Jan 11 2019 08:40:08 GMT+0100 (Central European Standard Time);5050000
Sat Jan 12 2019 08:40:08 GMT+0100 (Central European Standard Time);5080000
Sun Jan 13 2019 08:40:08 GMT+0100 (Central European Standard Time);5100000
Mon Jan 14 2019 08:40:08 GMT+0100 (Central European Standard Time);5110000
Tue Jan 15 2019 08:40:08 GMT+0100 (Central European Standard Time);5070000
Wed Jan 16 2019 08:40:08 GMT+0100 (Central European Standard Time);5030000
Thu Jan 17 2019 08:40:08 GMT+0100 (Central European Standard Time);4970000
Fri Jan 18 2019 08:40:08 GMT+0100 (Central European Standard Time);4900000
Sat Jan 19 2019 08:40:08 GMT+0100 (Central European Standard Time);4830000
Sun Jan 20 2019 08:40:08 GMT+0100 (Central European Standard Time);4780000
Mon Jan 21 2019 08:40:08 GMT+0100 (Central European Standard Time);4760000
Tue Jan 22 2019 08:40:08 GMT+0100 (Central European Standard Time);4780000
Wed Jan 23 2019 08:40:08 GMT+0100 (Central European Standard Time);4800000
Thu Jan 24 2019 08:40:08 GMT+0100 (Central European Standard Time);4850000
Fri Jan 25 2019 08:40:08 GMT+0100 (Central European Standard Time);4860000
Sat Jan 26 2019 08:40:08 GMT+0100 (Central European Standard Time);4880000
Sun Jan 27 2019 08:40:08 GMT+0100 (Central European Standard Time);4860000
Mon Jan 28 2019 08:40:08 GMT+0100 (Central European Standard Time);4810000
Tue Jan 29 2019 08:40:08 GMT+0100 (Central European Standard Time);4750000
Wed Jan 30 2019 08:40:08 GMT+0100 (Central European Standard Time);4710000
Thu Jan 31 2019 08:40:08 GMT+0100 (Central European Standard Time);4670000
Fri Feb 01 2019 08:40:08 GMT+0100 (Central European Standard Time);4660000
Sat Feb 02 2019 08:40:08 GMT+0100 (Central European Standard Time);4610000
Sun Feb 03 2019 08:40:08 GMT+0100 (Central European Standard Time);4510000
Mon Feb 04 2019 08:40:08 GMT+0100 (Central European Standard Time);4360000
Tue Feb 05 2019 08:40:08 GMT+0100 (Central European Standard Time);4230000
Wed Feb 06 2019 08:40:08 GMT+0100 (Central European Standard Time);4100000
Thu Feb 07 2019 08:40:08 GMT+0100 (Central European Standard Time);3960000
Fri Feb 08 2019 08:40:08 GMT+0100 (Central European Standard Time);3850000
Sat Feb 09 2019 08:40:08 GMT+0100 (Central European Standard Time);3740000
Sun Feb 10 2019 08:40:08 GMT+0100 (Central European Standard Time);3650000
Mon Feb 11 2019 08:40:08 GMT+0100 (Central European Standard Time);3570000
Tue Feb 12 2019 08:40:08 GMT+0100 (Central European Standard Time);3500000
Wed Feb 13 2019 08:40:08 GMT+0100 (Central European Standard Time);3450000
Thu Feb 14 2019 08:40:08 GMT+0100 (Central European Standard Time);3390000
Fri Feb 15 2019 08:40:08 GMT+0100 (Central European Standard Time);3340000
Sat Feb 16 2019 08:40:08 GMT+0100 (Central European Standard Time);3350000
Sun Feb 17 2019 08:40:08 GMT+0100 (Central European Standard Time);3410000
Mon Feb 18 2019 08:40:08 GMT+0100 (Central European Standard Time);3490000
Tue Feb 19 2019 08:40:08 GMT+0100 (Central European Standard Time);3520000
Wed Feb 20 2019 08:40:08 GMT+0100 (Central European Standard Time);3550000
Thu Feb 21 2019 08:40:08 GMT+0100 (Central European Standard Time);3590000
Fri Feb 22 2019 08:40:08 GMT+0100 (Central European Standard Time);3610000
Sat Feb 23 2019 08:40:08 GMT+0100 (Central European Standard Time);3640000
Sun Feb 24 2019 08:40:08 GMT+0100 (Central European Standard Time);3680000
Mon Feb 25 2019 08:40:08 GMT+0100 (Central European Standard Time);3720000
Tue Feb 26 2019 08:40:08 GMT+0100 (Central European Standard Time);3730000
Wed Feb 27 2019 08:40:08 GMT+0100 (Central European Standard Time);3750000
Thu Feb 28 2019 08:40:08 GMT+0100 (Central European Standard Time);3760000
Fri Mar 01 2019 08:40:08 GMT+0100 (Central European Standard Time);3770000
Sat Mar 02 2019 08:40:08 GMT+0100 (Central European Standard Time);3790000
Sun Mar 03 2019 08:40:08 GMT+0100 (Central European Standard Time);3810000
Mon Mar 04 2019 08:40:08 GMT+0100 (Central European Standard Time);3820000
Tue Mar 05 2019 08:40:08 GMT+0100 (Central European Standard Time);3830000
Wed Mar 06 2019 08:40:08 GMT+0100 (Central European Standard Time);3860000
Thu Mar 07 2019 08:40:08 GMT+0100 (Central European Standard Time);3890000
Fri Mar 08 2019 08:40:08 GMT+0100 (Central European Standard Time);3930000
Sat Mar 09 2019 08:40:08 GMT+0100 (Central European Standard Time);3950000
Sun Mar 10 2019 08:40:08 GMT+0100 (Central European Standard Time);3990000
Mon Mar 11 2019 08:40:08 GMT+0100 (Central European Standard Time);4020000
Tue Mar 12 2019 08:40:08 GMT+0100 (Central European Standard Time);4110000
Wed Mar 13 2019 08:40:08 GMT+0100 (Central European Standard Time);4170000
Thu Mar 14 2019 08:40:08 GMT+0100 (Central European Standard Time);4210000
Fri Mar 15 2019 08:40:08 GMT+0100 (Central European Standard Time);4260000
Sat Mar 16 2019 08:40:08 GMT+0100 (Central European Standard Time);4290000
Sun Mar 17 2019 08:40:08 GMT+0100 (Central European Standard Time);4370000
Mon Mar 18 2019 08:40:08 GMT+0100 (Central European Standard Time);4400000
Tue Mar 19 2019 08:40:08 GMT+0100 (Central European Standard Time);4450000
Wed Mar 20 2019 08:40:08 GMT+0100 (Central European Standard Time);4490000
Thu Mar 21 2019 08:40:08 GMT+0100 (Central European Standard Time);4520000
Fri Mar 22 2019 08:40:08 GMT+0100 (Central European Standard Time);4550000
Sat Mar 23 2019 08:40:08 GMT+0100 (Central European Standard Time);4600000
Sun Mar 24 2019 08:40:08 GMT+0100 (Central European Standard Time);4650000
Mon Mar 25 2019 08:40:08 GMT+0100 (Central European Standard Time);4700000
Tue Mar 26 2019 08:40:08 GMT+0100 (Central European Standard Time);4780000
Wed Mar 27 2019 08:40:08 GMT+0100 (Central European Standard Time);4850000
Thu Mar 28 2019 08:40:08 GMT+0100 (Central European Standard Time);4890000
Fri Mar 29 2019 08:40:08 GMT+0100 (Central European Standard Time);4920000
Sat Mar 30 2019 08:40:08 GMT+0100 (Central European Standard Time);4970000
Sun Mar 31 2019 08:40:08 GMT+0200 (Central European Summer Time);4970000
Mon Apr 01 2019 08:40:08 GMT+0200 (Central European Summer Time);5030000
Tue Apr 02 2019 08:40:08 GMT+0200 (Central European Summer Time);5120000
Wed Apr 03 2019 08:40:08 GMT+0200 (Central European Summer Time);5180000
Thu Apr 04 2019 08:40:08 GMT+0200 (Central European Summer Time);5270000
Fri Apr 05 2019 08:40:08 GMT+0200 (Central European Summer Time);5360000
Sat Apr 06 2019 08:40:08 GMT+0200 (Central European Summer Time);5510000
Sun Apr 07 2019 08:40:08 GMT+0200 (Central European Summer Time);5600000
Mon Apr 08 2019 08:40:08 GMT+0200 (Central European Summer Time);5670000
Tue Apr 09 2019 08:40:08 GMT+0200 (Central European Summer Time);5750000
Wed Apr 10 2019 08:40:08 GMT+0200 (Central European Summer Time);5850000
Thu Apr 11 2019 08:40:08 GMT+0200 (Central European Summer Time);5930000
Fri Apr 12 2019 08:40:08 GMT+0200 (Central European Summer Time);5980000
Sat Apr 13 2019 08:40:08 GMT+0200 (Central European Summer Time);6040000
Sun Apr 14 2019 08:40:08 GMT+0200 (Central European Summer Time);6130000
Mon Apr 15 2019 08:40:08 GMT+0200 (Central European Summer Time);6170000
Tue Apr 16 2019 08:40:08 GMT+0200 (Central European Summer Time);6220000
Wed Apr 17 2019 08:40:08 GMT+0200 (Central European Summer Time);6240000
Thu Apr 18 2019 08:40:08 GMT+0200 (Central European Summer Time);6260000
Fri Apr 19 2019 08:40:08 GMT+0200 (Central European Summer Time);6330000
Sat Apr 20 2019 08:40:08 GMT+0200 (Central European Summer Time);6350000
Sun Apr 21 2019 08:40:08 GMT+0200 (Central European Summer Time);6410000
Mon Apr 22 2019 08:40:08 GMT+0200 (Central European Summer Time);6370000
Tue Apr 23 2019 08:40:08 GMT+0200 (Central European Summer Time);6290000
Wed Apr 24 2019 08:40:08 GMT+0200 (Central European Summer Time);6230000
Thu Apr 25 2019 08:40:08 GMT+0200 (Central European Summer Time);6200000
Fri Apr 26 2019 08:40:08 GMT+0200 (Central European Summer Time);6210000
Sat Apr 27 2019 08:40:08 GMT+0200 (Central European Summer Time);6220000
Sun Apr 28 2019 08:40:08 GMT+0200 (Central European Summer Time);6230000
Mon Apr 29 2019 08:40:08 GMT+0200 (Central European Summer Time);6250000
Tue Apr 30 2019 08:40:08 GMT+0200 (Central European Summer Time);6260000
Wed May 01 2019 08:40:08 GMT+0200 (Central European Summer Time);6270000
Thu May 02 2019 08:40:08 GMT+0200 (Central European Summer Time);6280000
Fri May 03 2019 08:40:08 GMT+0200 (Central European Summer Time);6300000
Sat May 04 2019 08:40:08 GMT+0200 (Central European Summer Time);6310000
Sun May 05 2019 08:40:08 GMT+0200 (Central European Summer Time);6320000
Mon May 06 2019 08:40:08 GMT+0200 (Central European Summer Time);6330000
Tue May 07 2019 08:40:08 GMT+0200 (Central European Summer Time);6370000
Wed May 08 2019 08:40:08 GMT+0200 (Central European Summer Time);6410000
Thu May 09 2019 08:40:08 GMT+0200 (Central European Summer Time);6430000
Fri May 10 2019 08:40:08 GMT+0200 (Central European Summer Time);6460000
Sat May 11 2019 08:40:08 GMT+0200 (Central European Summer Time);6480000
Sun May 12 2019 08:40:08 GMT+0200 (Central European Summer Time);6490000
Mon May 13 2019 08:40:08 GMT+0200 (Central European Summer Time);6480000
Tue May 14 2019 08:40:08 GMT+0200 (Central European Summer Time);6360000
Wed May 15 2019 08:40:08 GMT+0200 (Central European Summer Time);6260000
Thu May 16 2019 08:40:08 GMT+0200 (Central European Summer Time);6200000
Fri May 17 2019 08:40:08 GMT+0200 (Central European Summer Time);6130000
Sat May 18 2019 08:40:08 GMT+0200 (Central European Summer Time);6120000
Sun May 19 2019 08:40:08 GMT+0200 (Central European Summer Time);6070000
Mon May 20 2019 08:40:08 GMT+0200 (Central European Summer Time);5860000
Tue May 21 2019 08:40:08 GMT+0200 (Central European Summer Time);5650000
Wed May 22 2019 08:40:08 GMT+0200 (Central European Summer Time);5300000
Thu May 23 2019 08:40:08 GMT+0200 (Central European Summer Time);4970000
Fri May 24 2019 08:40:08 GMT+0200 (Central European Summer Time);4660000
Sat May 25 2019 08:40:08 GMT+0200 (Central European Summer Time);4420000
Sun May 26 2019 08:40:08 GMT+0200 (Central European Summer Time);4130000
Mon May 27 2019 08:40:08 GMT+0200 (Central European Summer Time);3950000
Tue May 28 2019 08:40:08 GMT+0200 (Central European Summer Time);3790000
Wed May 29 2019 08:40:08 GMT+0200 (Central European Summer Time);3570000
Thu May 30 2019 08:40:08 GMT+0200 (Central European Summer Time);3370000
Fri May 31 2019 08:40:08 GMT+0200 (Central European Summer Time);3170000
Sat Jun 01 2019 08:40:08 GMT+0200 (Central European Summer Time);3020000
Sun Jun 02 2019 08:40:08 GMT+0200 (Central European Summer Time);2850000
Mon Jun 03 2019 08:40:08 GMT+0200 (Central European Summer Time);2700000
Tue Jun 04 2019 08:40:08 GMT+0200 (Central European Summer Time);2590000
Wed Jun 05 2019 08:40:08 GMT+0200 (Central European Summer Time);2510000
Thu Jun 06 2019 08:40:08 GMT+0200 (Central European Summer Time);2420000
Fri Jun 07 2019 08:40:08 GMT+0200 (Central European Summer Time);2330000
Sat Jun 08 2019 08:40:08 GMT+0200 (Central European Summer Time);2250000
Sun Jun 09 2019 08:40:08 GMT+0200 (Central European Summer Time);2170000
Mon Jun 10 2019 08:40:08 GMT+0200 (Central European Summer Time);2090000
Tue Jun 11 2019 08:40:08 GMT+0200 (Central European Summer Time);2010000
Wed Jun 12 2019 08:40:08 GMT+0200 (Central European Summer Time);1960000
Thu Jun 13 2019 08:40:08 GMT+0200 (Central European Summer Time);1950000
Fri Jun 14 2019 08:40:08 GMT+0200 (Central European Summer Time);1880000
Sat Jun 15 2019 08:40:08 GMT+0200 (Central European Summer Time);1850000
Sun Jun 16 2019 08:40:08 GMT+0200 (Central European Summer Time);1850000
Mon Jun 17 2019 08:40:08 GMT+0200 (Central European Summer Time);1820000
Tue Jun 18 2019 08:40:08 GMT+0200 (Central European Summer Time);1890000
Wed Jun 19 2019 08:40:08 GMT+0200 (Central European Summer Time);1870000
Thu Jun 20 2019 08:40:08 GMT+0200 (Central European Summer Time);1850000
Fri Jun 21 2019 08:40:08 GMT+0200 (Central European Summer Time);1800000
Sat Jun 22 2019 08:40:08 GMT+0200 (Central European Summer Time);1770000
Sun Jun 23 2019 08:40:08 GMT+0200 (Central European Summer Time);1740000
Mon Jun 24 2019 08:40:08 GMT+0200 (Central European Summer Time);1740000
Tue Jun 25 2019 08:40:08 GMT+0200 (Central European Summer Time);1770000
Wed Jun 26 2019 08:40:08 GMT+0200 (Central European Summer Time);1800000
Thu Jun 27 2019 08:40:08 GMT+0200 (Central European Summer Time);1830000
Fri Jun 28 2019 08:40:08 GMT+0200 (Central European Summer Time);1900000
Sat Jun 29 2019 08:40:08 GMT+0200 (Central European Summer Time);1880000
Sun Jun 30 2019 08:40:08 GMT+0200 (Central European Summer Time);1930000
Mon Jul 01 2019 08:40:08 GMT+0200 (Central European Summer Time);1960000
Tue Jul 02 2019 08:40:08 GMT+0200 (Central European Summer Time);2040000
Wed Jul 03 2019 08:40:08 GMT+0200 (Central European Summer Time);2110000
Thu Jul 04 2019 08:40:08 GMT+0200 (Central European Summer Time);2130000
Fri Jul 05 2019 08:40:08 GMT+0200 (Central European Summer Time);2260000
Sat Jul 06 2019 08:40:08 GMT+0200 (Central European Summer Time);2230000
Sun Jul 07 2019 08:40:08 GMT+0200 (Central European Summer Time);2340000
Mon Jul 08 2019 08:40:08 GMT+0200 (Central European Summer Time);2440000
Tue Jul 09 2019 08:40:08 GMT+0200 (Central European Summer Time);2520000
Wed Jul 10 2019 08:40:08 GMT+0200 (Central European Summer Time);2520000
Thu Jul 11 2019 08:40:08 GMT+0200 (Central European Summer Time);2520000
Fri Jul 12 2019 08:40:08 GMT+0200 (Central European Summer Time);2570000
Sat Jul 13 2019 08:40:08 GMT+0200 (Central European Summer Time);2570000
Sun Jul 14 2019 08:40:08 GMT+0200 (Central European Summer Time);2620000
Mon Jul 15 2019 08:40:08 GMT+0200 (Central European Summer Time);2660000
Tue Jul 16 2019 08:40:08 GMT+0200 (Central European Summer Time);2670000
Wed Jul 17 2019 08:40:08 GMT+0200 (Central European Summer Time);2700000
Thu Jul 18 2019 08:40:08 GMT+0200 (Central European Summer Time);2720000
Fri Jul 19 2019 08:40:08 GMT+0200 (Central European Summer Time);2780000
Sat Jul 20 2019 08:40:08 GMT+0200 (Central European Summer Time);2810000
Sun Jul 21 2019 08:40:08 GMT+0200 (Central European Summer Time);2880000
Mon Jul 22 2019 08:40:08 GMT+0200 (Central European Summer Time);2960000
Tue Jul 23 2019 08:40:08 GMT+0200 (Central European Summer Time);2980000
Wed Jul 24 2019 08:40:08 GMT+0200 (Central European Summer Time);2980000
Thu Jul 25 2019 08:40:08 GMT+0200 (Central European Summer Time);2990000
Fri Jul 26 2019 08:40:08 GMT+0200 (Central European Summer Time);3000000
Sat Jul 27 2019 08:40:08 GMT+0200 (Central European Summer Time);3020000
Sun Jul 28 2019 08:40:08 GMT+0200 (Central European Summer Time);3050000
Mon Jul 29 2019 08:40:08 GMT+0200 (Central European Summer Time);3050000
Tue Jul 30 2019 08:40:08 GMT+0200 (Central European Summer Time);3070000
Wed Jul 31 2019 08:40:08 GMT+0200 (Central European Summer Time);3090000
Thu Aug 01 2019 08:40:08 GMT+0200 (Central European Summer Time);3100000
Fri Aug 02 2019 08:40:08 GMT+0200 (Central European Summer Time);3150000
Sat Aug 03 2019 08:40:08 GMT+0200 (Central European Summer Time);3240000
Sun Aug 04 2019 08:40:08 GMT+0200 (Central European Summer Time);3280000
Mon Aug 05 2019 08:40:08 GMT+0200 (Central European Summer Time);3350000
Tue Aug 06 2019 08:40:08 GMT+0200 (Central European Summer Time);3390000
Wed Aug 07 2019 08:40:08 GMT+0200 (Central European Summer Time);3440000
Thu Aug 08 2019 08:40:08 GMT+0200 (Central European Summer Time);3470000
Fri Aug 09 2019 08:40:08 GMT+0200 (Central European Summer Time);3490000
Sat Aug 10 2019 08:40:08 GMT+0200 (Central European Summer Time);3510000
Sun Aug 11 2019 08:40:08 GMT+0200 (Central European Summer Time);3520000
Mon Aug 12 2019 08:40:08 GMT+0200 (Central European Summer Time);3520000
Tue Aug 13 2019 08:40:08 GMT+0200 (Central European Summer Time);3500000
Wed Aug 14 2019 08:40:08 GMT+0200 (Central European Summer Time);3400000
Thu Aug 15 2019 08:40:08 GMT+0200 (Central European Summer Time);3290000
Fri Aug 16 2019 08:40:08 GMT+0200 (Central European Summer Time);3170000
Sat Aug 17 2019 08:40:08 GMT+0200 (Central European Summer Time);3090000
Sun Aug 18 2019 08:40:08 GMT+0200 (Central European Summer Time);3040000
Mon Aug 19 2019 08:40:08 GMT+0200 (Central European Summer Time);2980000
Tue Aug 20 2019 08:40:08 GMT+0200 (Central European Summer Time);2900000
Wed Aug 21 2019 08:40:08 GMT+0200 (Central European Summer Time);2830000
Thu Aug 22 2019 08:40:08 GMT+0200 (Central European Summer Time);2780000
Fri Aug 23 2019 08:40:08 GMT+0200 (Central European Summer Time);2730000
Sat Aug 24 2019 08:40:08 GMT+0200 (Central European Summer Time);2710000
Sun Aug 25 2019 08:40:08 GMT+0200 (Central European Summer Time);2720000
Mon Aug 26 2019 08:40:08 GMT+0200 (Central European Summer Time);2750000
Tue Aug 27 2019 08:40:08 GMT+0200 (Central European Summer Time);2780000
Wed Aug 28 2019 08:40:08 GMT+0200 (Central European Summer Time);2820000
Thu Aug 29 2019 08:40:08 GMT+0200 (Central European Summer Time);2850000
Fri Aug 30 2019 08:40:08 GMT+0200 (Central European Summer Time);2870000
Sat Aug 31 2019 08:40:08 GMT+0200 (Central European Summer Time);2890000
Sun Sep 01 2019 08:40:08 GMT+0200 (Central European Summer Time);2950000
Mon Sep 02 2019 08:40:08 GMT+0200 (Central European Summer Time);3050000
Tue Sep 03 2019 08:40:08 GMT+0200 (Central European Summer Time);3100000
Wed Sep 04 2019 08:40:08 GMT+0200 (Central European Summer Time);3150000
Thu Sep 05 2019 08:40:08 GMT+0200 (Central European Summer Time);3200000
Fri Sep 06 2019 08:40:08 GMT+0200 (Central European Summer Time);3230000
Sat Sep 07 2019 08:40:08 GMT+0200 (Central European Summer Time);3270000
Sun Sep 08 2019 08:40:08 GMT+0200 (Central European Summer Time);3300000
Mon Sep 09 2019 08:40:08 GMT+0200 (Central European Summer Time);3320000
Tue Sep 10 2019 08:40:08 GMT+0200 (Central European Summer Time);3340000
Wed Sep 11 2019 08:40:08 GMT+0200 (Central European Summer Time);3360000
Thu Sep 12 2019 08:40:08 GMT+0200 (Central European Summer Time);3370000
Fri Sep 13 2019 08:40:08 GMT+0200 (Central European Summer Time);3370000
Sat Sep 14 2019 08:40:08 GMT+0200 (Central European Summer Time);3380000
Sun Sep 15 2019 08:40:08 GMT+0200 (Central European Summer Time);3380000
Mon Sep 16 2019 08:40:08 GMT+0200 (Central European Summer Time);3380000
Tue Sep 17 2019 08:40:08 GMT+0200 (Central European Summer Time);3370000
Wed Sep 18 2019 08:40:08 GMT+0200 (Central European Summer Time);3360000
Thu Sep 19 2019 08:40:08 GMT+0200 (Central European Summer Time);3340000
Fri Sep 20 2019 08:40:08 GMT+0200 (Central European Summer Time);3320000
Sat Sep 21 2019 08:40:08 GMT+0200 (Central European Summer Time);3280000
Sun Sep 22 2019 08:40:08 GMT+0200 (Central European Summer Time);3270000
Mon Sep 23 2019 08:40:08 GMT+0200 (Central European Summer Time);3260000
Tue Sep 24 2019 08:40:08 GMT+0200 (Central European Summer Time);3240000
Wed Sep 25 2019 08:40:08 GMT+0200 (Central European Summer Time);3220000
Thu Sep 26 2019 08:40:08 GMT+0200 (Central European Summer Time);3190000
Fri Sep 27 2019 08:40:08 GMT+0200 (Central European Summer Time);3150000
Sat Sep 28 2019 08:40:08 GMT+0200 (Central European Summer Time);3110000
Sun Sep 29 2019 08:40:08 GMT+0200 (Central European Summer Time);3080000
Mon Sep 30 2019 08:40:08 GMT+0200 (Central European Summer Time);3020000
Tue Oct 01 2019 08:40:08 GMT+0200 (Central European Summer Time);2960000
Wed Oct 02 2019 08:40:08 GMT+0200 (Central European Summer Time);2920000
Thu Oct 03 2019 08:40:08 GMT+0200 (Central European Summer Time);2880000
Fri Oct 04 2019 08:40:08 GMT+0200 (Central European Summer Time);2840000
Sat Oct 05 2019 08:40:08 GMT+0200 (Central European Summer Time);2800000
Sun Oct 06 2019 08:40:08 GMT+0200 (Central European Summer Time);2750000
Mon Oct 07 2019 08:40:08 GMT+0200 (Central European Summer Time);2650000
Tue Oct 08 2019 08:40:08 GMT+0200 (Central European Summer Time);2580000
Wed Oct 09 2019 08:40:08 GMT+0200 (Central European Summer Time);2530000
Thu Oct 10 2019 08:40:08 GMT+0200 (Central European Summer Time);2490000
Fri Oct 11 2019 08:40:08 GMT+0200 (Central European Summer Time);2440000
Sat Oct 12 2019 08:40:08 GMT+0200 (Central European Summer Time);2400000
Sun Oct 13 2019 08:40:08 GMT+0200 (Central European Summer Time);2360000
Mon Oct 14 2019 08:40:08 GMT+0200 (Central European Summer Time);2320000
Tue Oct 15 2019 08:40:08 GMT+0200 (Central European Summer Time);2280000
Wed Oct 16 2019 08:40:08 GMT+0200 (Central European Summer Time);2240000
Thu Oct 17 2019 08:40:08 GMT+0200 (Central European Summer Time);2210000
Fri Oct 18 2019 08:40:08 GMT+0200 (Central European Summer Time);2180000
Sat Oct 19 2019 08:40:08 GMT+0200 (Central European Summer Time);2150000
Sun Oct 20 2019 08:40:08 GMT+0200 (Central European Summer Time);2120000
Mon Oct 21 2019 08:40:08 GMT+0200 (Central European Summer Time);2090000
Tue Oct 22 2019 08:40:08 GMT+0200 (Central European Summer Time);2020000
Wed Oct 23 2019 08:40:08 GMT+0200 (Central European Summer Time);1960000
Thu Oct 24 2019 08:40:08 GMT+0200 (Central European Summer Time);1920000
Fri Oct 25 2019 08:40:08 GMT+0200 (Central European Summer Time);1880000
Sat Oct 26 2019 08:40:08 GMT+0200 (Central European Summer Time);1840000
Sun Oct 27 2019 08:40:08 GMT+0100 (Central European Standard Time);1820000
Mon Oct 28 2019 08:40:08 GMT+0100 (Central European Standard Time);1790000
Tue Oct 29 2019 08:40:08 GMT+0100 (Central European Standard Time);1770000
Wed Oct 30 2019 08:40:08 GMT+0100 (Central European Standard Time);1740000
Thu Oct 31 2019 08:40:08 GMT+0100 (Central European Standard Time);1720000
Fri Nov 01 2019 08:40:08 GMT+0100 (Central European Standard Time);1680000
Sat Nov 02 2019 08:40:08 GMT+0100 (Central European Standard Time);1650000
Sun Nov 03 2019 08:40:08 GMT+0100 (Central European Standard Time);1630000
Mon Nov 04 2019 08:40:08 GMT+0100 (Central European Standard Time);1620000
Tue Nov 05 2019 08:40:08 GMT+0100 (Central European Standard Time);1610000
Wed Nov 06 2019 08:40:08 GMT+0100 (Central European Standard Time);1590000
Thu Nov 07 2019 08:40:08 GMT+0100 (Central European Standard Time);1560000
Fri Nov 08 2019 08:40:08 GMT+0100 (Central European Standard Time);1540000
Sat Nov 09 2019 08:40:08 GMT+0100 (Central European Standard Time);1520000
Sun Nov 10 2019 08:40:08 GMT+0100 (Central European Standard Time);1510000
Mon Nov 11 2019 08:40:08 GMT+0100 (Central European Standard Time);1490000
Tue Nov 12 2019 08:40:08 GMT+0100 (Central European Standard Time);1460000
Wed Nov 13 2019 08:40:08 GMT+0100 (Central European Standard Time);1440000
Thu Nov 14 2019 08:40:08 GMT+0100 (Central European Standard Time);1420000
Fri Nov 15 2019 08:40:08 GMT+0100 (Central European Standard Time);1400000
Sat Nov 16 2019 08:40:08 GMT+0100 (Central European Standard Time);1380000
Sun Nov 17 2019 08:40:08 GMT+0100 (Central European Standard Time);1370000
Mon Nov 18 2019 08:40:08 GMT+0100 (Central European Standard Time);1360000
Tue Nov 19 2019 08:40:08 GMT+0100 (Central European Standard Time);1340000
Wed Nov 20 2019 08:40:08 GMT+0100 (Central European Standard Time);1330000
Thu Nov 21 2019 08:40:08 GMT+0100 (Central European Standard Time);1310000
Fri Nov 22 2019 08:40:08 GMT+0100 (Central European Standard Time);1300000
Sat Nov 23 2019 08:40:08 GMT+0100 (Central European Standard Time);1320000
Sun Nov 24 2019 08:40:08 GMT+0100 (Central European Standard Time);1350000
Mon Nov 25 2019 08:40:08 GMT+0100 (Central European Standard Time);1370000
Tue Nov 26 2019 08:40:08 GMT+0100 (Central European Standard Time);1400000
Wed Nov 27 2019 08:40:08 GMT+0100 (Central European Standard Time);1430000
Thu Nov 28 2019 08:40:08 GMT+0100 (Central European Standard Time);1470000
Fri Nov 29 2019 08:40:08 GMT+0100 (Central European Standard Time);1500000
Sat Nov 30 2019 08:40:08 GMT+0100 (Central European Standard Time);1510000
Sun Dec 01 2019 08:40:08 GMT+0100 (Central European Standard Time);1530000
Mon Dec 02 2019 08:40:08 GMT+0100 (Central European Standard Time);1550000
Tue Dec 03 2019 08:40:08 GMT+0100 (Central European Standard Time);1570000
Wed Dec 04 2019 08:40:08 GMT+0100 (Central European Standard Time);1590000
Thu Dec 05 2019 08:40:08 GMT+0100 (Central European Standard Time);1600000
Fri Dec 06 2019 08:40:08 GMT+0100 (Central European Standard Time);1620000
Sat Dec 07 2019 08:40:08 GMT+0100 (Central European Standard Time);1630000
Sun Dec 08 2019 08:40:08 GMT+0100 (Central European Standard Time);1640000
Mon Dec 09 2019 08:40:08 GMT+0100 (Central European Standard Time);1650000
Tue Dec 10 2019 08:40:08 GMT+0100 (Central European Standard Time);1660000
Wed Dec 11 2019 08:40:08 GMT+0100 (Central European Standard Time);1670000
Thu Dec 12 2019 08:40:08 GMT+0100 (Central European Standard Time);1680000
Fri Dec 13 2019 08:40:08 GMT+0100 (Central European Standard Time);1710000
Sat Dec 14 2019 08:40:08 GMT+0100 (Central European Standard Time);1720000
Sun Dec 15 2019 08:40:08 GMT+0100 (Central European Standard Time);1800000
Mon Dec 16 2019 08:40:08 GMT+0100 (Central European Standard Time);1890000
Tue Dec 17 2019 08:40:08 GMT+0100 (Central European Standard Time);1980000
Wed Dec 18 2019 08:40:08 GMT+0100 (Central European Standard Time);2060000
Thu Dec 19 2019 08:40:08 GMT+0100 (Central European Standard Time);2150000
Fri Dec 20 2019 08:40:08 GMT+0100 (Central European Standard Time);2260000
Sat Dec 21 2019 08:40:08 GMT+0100 (Central European Standard Time);2350000
Sun Dec 22 2019 08:40:08 GMT+0100 (Central European Standard Time);2420000
Mon Dec 23 2019 08:40:08 GMT+0100 (Central European Standard Time);2490000